{
  "SUPABASE_URL": "https://digyqhakzqkfzumsovzb.supabase.co",
  "SUPABASE_ANON_KEY": "eyJhbGciOiJIUzI1NiIsInR5cCI6IkpXVCJ9.eyJpc3MiOiJzdXBhYmFzZSIsInJlZiI6ImRpZ3lxaGFrenFrZnp1bXNvdnpiIiwicm9sZSI6ImFub24iLCJpYXQiOjE3NTcyNTM1NDQsImV4cCI6MjA3MjgyOTU0NH0.HipKZidiVJfsttcEG5ZkMqtmN8HAP7dLslvO0gMgl9w",
  "OPENAI_API_KEY": "your-openai-api-key-here",
  "GEMINI_API_KEY": "your-gemini-api-key-here",
  "ANTHROPIC_API_KEY": "your-anthropic-api-key-here",
  "PERPLEXITY_API_KEY": "your-perplexity-api-key-here"
}